{
  "Bottleneck": {
    "cu": [
      0.9875344542712464,
      0.9675449712241129,
      0.9806438444082832,
      0.9439741469840869,
      0.9204675152684955,
      0.9549718731886904,
      0.9518866871637781,
      0.9721815697467958,
      0.9460945748311529,
      0.9478518021918858
    ],
    "i_eff": [
      9.184658242850134e-09,
      8.998744152009978e-09,
      9.120571469571086e-09,
      8.779521456325212e-09,
      8.560895789327525e-09,
      8.881806856293624e-09,
      8.853112789841686e-09,
      9.041867278151003e-09,
      8.79924269746236e-09,
      8.815585957885843e-09
    ],
    "acc_id": [
      1.0,
      0.998,
      1.0,
      0.998,
      1.0,
      1.0,
      1.0,
      0.998,
      0.998,
      1.0
    ],
    "acc_ood": [
      0.98,
      0.994,
      0.998,
      0.986,
      0.972,
      0.998,
      0.998,
      0.996,
      0.996,
      0.998
    ],
    "A": [
      0.97,
      1.0,
      1.0,
      0.99,
      1.0,
      1.0,
      1.0,
      1.0,
      1.0,
      1.0
    ],
    "flops": [
      107520000.0,
      107520000.0,
      107520000.0,
      107520000.0,
      107520000.0,
      107520000.0,
      107520000.0,
      107520000.0,
      107520000.0,
      107520000.0
    ]
  },
  "Wide": {
    "cu": [
      0.9993364689312845,
      0.9995984787895126,
      0.9993759276129105,
      0.9993672351831383,
      0.9990834957200581,
      0.9993944748669145,
      0.9989829955418337,
      0.9990081541347633,
      0.9986144351254925,
      0.9994872902842237
    ],
    "i_eff": [
      2.1980056766682602e-10,
      2.1985819582046923e-10,
      2.1980924646609976e-10,
      2.1980733459651656e-10,
      2.1974492709214396e-10,
      2.1981332586986963e-10,
      2.1972282242878872e-10,
      2.1972835597347517e-10,
      2.196417588518556e-10,
      2.19833740296889e-10
    ],
    "acc_id": [
      1.0,
      1.0,
      1.0,
      1.0,
      1.0,
      1.0,
      1.0,
      0.998,
      1.0,
      0.998
    ],
    "acc_ood": [
      0.992,
      0.93,
      0.97,
      0.986,
      0.968,
      0.96,
      0.98,
      0.96,
      0.994,
      0.986
    ],
    "A": [
      1.0,
      0.82,
      0.975,
      0.985,
      0.99,
      0.89,
      0.99,
      0.99,
      0.99,
      0.995
    ],
    "flops": [
      4546560000.0,
      4546560000.0,
      4546560000.0,
      4546560000.0,
      4546560000.0,
      4546560000.0,
      4546560000.0,
      4546560000.0,
      4546560000.0,
      4546560000.0
    ]
  },
  "Noise-only": {
    "cu": [
      0.00957977487052486,
      0.0018351381281962453,
      0.001763249380135612,
      0.0005615206072316914,
      0.0,
      0.0,
      0.0,
      0.0014222077834746827,
      0.0006224024656371618,
      0.01417790302399291
    ],
    "i_eff": [
      1.2473665195995911e-10,
      2.389502771088861e-11,
      2.2958976303849115e-11,
      7.311466239995982e-12,
      0.0,
      0.0,
      0.0,
      1.8518330513993263e-11,
      8.104198771317212e-12,
      1.8460811229157436e-10
    ],
    "acc_id": [
      0.486,
      0.526,
      0.5,
      0.504,
      0.46,
      0.474,
      0.504,
      0.496,
      0.54,
      0.528
    ],
    "acc_ood": [
      0.55,
      0.514,
      0.532,
      0.498,
      0.492,
      0.496,
      0.494,
      0.496,
      0.478,
      0.504
    ],
    "A": [
      0.0,
      0.0,
      0.0,
      0.0,
      0.0,
      0.0,
      0.0,
      0.0,
      0.0,
      0.0
    ],
    "flops": [
      76800000.0,
      76800000.0,
      76800000.0,
      76800000.0,
      76800000.0,
      76800000.0,
      76800000.0,
      76800000.0,
      76800000.0,
      76800000.0
    ]
  }
}